Number,Parents,bugpop,natpop,hatch date,eclosion date,death date,sex,cracked,lifespan,Dvpt.time,mathost
515,97,Leesburg,Leesburg,9-Jun,NA,14-Jun,NA,n,5,#VALUE!,C.corindum
516,97,Leesburg,Leesburg,9-Jun,NA,13-Jun,NA,n,4,#VALUE!,C.corindum
517,97,Leesburg,HomesteadGRT,9-Jun,8-Jul,,F,y,-40702,29,C.corindum
518,97,Leesburg,Key_Largo,9-Jun,NA,14-Jun,NA,n,5,#VALUE!,C.corindum
519,97,Leesburg,HomesteadBV,9-Jun,NA,13-Jun,NA,n,4,#VALUE!,C.corindum
520,97,Leesburg,HomesteadBV,9-Jun,6-Jul,,F,y,-40702,27,C.corindum
521,333,GainesvilleGRT,GainesvilleGRT,9-Jun,11-Jul,,F,n,-40702,32,K.elegans
522,333,GainesvilleGRT,HomesteadGRT,9-Jun,11-Jul,,F,n,-40702,32,K.elegans
523,333,GainesvilleGRT,Lake_Wales,9-Jun,8-Jul,,M,y,-40702,29,K.elegans
524,333,GainesvilleGRT,Key_Largo,10-Jun,11-Jul,,F,n,-40703,31,K.elegans
525,333,GainesvilleGRT,Plantation_Key,9-Jun,NA,13-Jun,NA,n,4,#VALUE!,K.elegans
526,333,GainesvilleGRT,Plantation_Key,9-Jun,16-Jul,,F,y,-40702,37,K.elegans
527,210,Ft.Myers,Leesburg,11-Jun,10-Jul,,M,n,-40704,29,K.elegans
528,210,Ft.Myers,Lake_Wales,11-Jun,13-Jul,,F,n,-40704,32,K.elegans
529,210,Ft.Myers,Leesburg,11-Jun,18-Jul,,F,y,-40704,37,K.elegans
530,210,Ft.Myers,Key_Largo,11-Jun,NA,16-Jun,NA,n,5,#VALUE!,K.elegans
531,210,Ft.Myers,Key_Largo,11-Jun,NA,15-Jun,NA,n,4,#VALUE!,K.elegans
532,210,Ft.Myers,Key_Largo,11-Jun,8-Jul,,F,y,-40704,27,K.elegans
533,34,HomesteadBV,GainesvilleGRT,12-Jun,13-Jul,,F,n,-40705,31,C.corindum
534,34,HomesteadBV,Lake_Wales,12-Jun,13-Jul,,M,n,-40705,31,C.corindum
535,34,HomesteadBV,GainesvilleGRT,12-Jun,16-Jul,,F,y,-40705,34,C.corindum
536,34,HomesteadBV,Key_Largo,12-Jun,NA,16-Jun,NA,n,4,#VALUE!,C.corindum
537,34,HomesteadBV,Key_Largo,12-Jun,NA,15-Jun,NA,n,3,#VALUE!,C.corindum
538,34,HomesteadBV,Key_Largo,12-Jun,6-Jul,,M,y,-40705,24,C.corindum
539,129,GainesvilleGRT,GainesvilleGRT,12-Jun,15-Jul,,F,n,-40705,33,C.corindum
540,129,GainesvilleGRT,GainesvilleGRT,12-Jun,11-Jul,,F,n,-40705,29,C.corindum
541,129,GainesvilleGRT,GainesvilleGRT,12-Jun,NA,19-Jun,NA,y,7,#VALUE!,C.corindum
542,129,GainesvilleGRT,Key_Largo,12-Jun,NA,16-Jun,NA,n,4,#VALUE!,C.corindum
543,129,GainesvilleGRT,Key_Largo,12-Jun,13-Jul,,F,n,-40705,31,C.corindum
544,129,GainesvilleGRT,HomesteadBV,12-Jun,9-Jul,,F,y,-40705,27,C.corindum
545,226,GainesvilleGRT,Leesburg,12-Jun,14-Jul,,M,n,-40705,32,K.elegans
546,226,GainesvilleGRT,Lake_Wales,12-Jun,13-Jul,,F,n,-40705,31,K.elegans
547,226,GainesvilleGRT,GainesvilleGRT,12-Jun,16-Jul,,F,y,-40705,34,K.elegans
548,226,GainesvilleGRT,Key_Largo,12-Jun,NA,17-Jun,NA,n,5,#VALUE!,K.elegans
549,226,GainesvilleGRT,Key_Largo,12-Jun,NA,16-Jun,NA,n,4,#VALUE!,K.elegans
550,226,GainesvilleGRT,Plantation_Key,12-Jun,9-Jul,,F,y,-40705,27,K.elegans
551,229,GainesvilleGRT,GainesvilleGRT,14-Jun,14-Jul,,M,n,-40707,30,K.elegans
552,229,GainesvilleGRT,Lake_Wales,14-Jun,9-Jul,,F,n,-40707,25,K.elegans
553,229,GainesvilleGRT,Leesburg,14-Jun,10-Jul,,F,y,-40707,26,K.elegans
554,229,GainesvilleGRT,HomesteadBV,14-Jun,NA,18-Jun,NA,n,4,#VALUE!,K.elegans
555,229,GainesvilleGRT,HomesteadBV,14-Jun,NA,18-Jun,NA,n,4,#VALUE!,K.elegans
556,229,GainesvilleGRT,Plantation_Key,14-Jun,10-Jul,,M,y,-40707,26,K.elegans
557,392,Leesburg,Lake_Wales,14-Jun,17-Jul,,F,n,-40707,33,K.elegans
558,392,Leesburg,Lake_Wales,15-Jun,17-Jul,,M,n,-40708,32,K.elegans
559,392,Leesburg,Lake_Wales,15-Jun,18-Jul,,F,y,-40708,33,K.elegans
560,392,Leesburg,Plantation_Key,14-Jun,NA,19-Jun,NA,n,5,#VALUE!,K.elegans
561,392,Leesburg,Plantation_Key,15-Jun,NA,4-Jul,NA,n,19,#VALUE!,K.elegans
562,392,Leesburg,Key_Largo,15-Jun,14-Jul,,M,y,-40708,29,K.elegans
563,52,Key_Largo,Leesburg,14-Jun,12-Jul,,M,n,-40707,28,C.corindum
564,52,Key_Largo,GainesvilleGRT,15-Jun,20-Jul,,M,n,-40708,35,C.corindum
565,52,Key_Largo,Lake_Wales,15-Jun,20-Jul,,M,y,-40708,35,C.corindum
566,52,Key_Largo,Key_Largo,15-Jun,NA,18-Jun,NA,n,3,#VALUE!,C.corindum
567,52,Key_Largo,Key_Largo,15-Jun,NA,20-Jun,NA,n,5,#VALUE!,C.corindum
568,52,Key_Largo,Key_Largo,15-Jun,10-Jul,,F,y,-40708,25,C.corindum
569,93,Leesburg,Lake_Wales,16-Jun,17-Jul,,F,n,-40709,31,C.corindum
570,93,Leesburg,Lake_Wales,16-Jun,17-Jul,,M,n,-40709,31,C.corindum
571,93,Leesburg,GainesvilleGRT,16-Jun,19-Jul,,M,y,-40709,33,C.corindum
572,93,Leesburg,Key_Largo,16-Jun,NA,20-Jun,NA,n,4,#VALUE!,C.corindum
573,93,Leesburg,HomesteadBV,16-Jun,NA,20-Jun,NA,n,4,#VALUE!,C.corindum
574,93,Leesburg,Key_Largo,16-Jun,20-Jul,,F,y,-40709,34,C.corindum
575,218,GainesvilleGRT,Lake_Wales,16-Jun,19-Jul,,M,n,-40709,33,K.elegans
576,218,GainesvilleGRT,Leesburg,16-Jun,18-Jul,,M,n,-40709,32,K.elegans
577,218,GainesvilleGRT,Leesburg,16-Jun,16-Jul,,F,y,-40709,30,K.elegans
578,218,GainesvilleGRT,Plantation_Key,16-Jun,NA,20-Jun,NA,n,4,#VALUE!,K.elegans
579,218,GainesvilleGRT,Key_Largo,16-Jun,NA,20-Jun,NA,n,4,#VALUE!,K.elegans
580,218,GainesvilleGRT,Key_Largo,16-Jun,14-Jul,,M,y,-40709,28,K.elegans
581,322,GainesvilleGRT,Leesburg,17-Jun,23-Jul,,M,n,-40710,36,K.elegans
582,322,GainesvilleGRT,HomesteadGRT,17-Jun,20-Jul,,F,n,-40710,33,K.elegans
583,322,GainesvilleGRT,GainesvilleGRT,18-Jun,23-Jul,,F,y,-40711,35,K.elegans
584,322,GainesvilleGRT,HomesteadBV,17-Jun,NA,21-Jun,NA,n,4,#VALUE!,K.elegans
585,322,GainesvilleGRT,Key_Largo,17-Jun,NA,20-Jun,NA,n,3,#VALUE!,K.elegans
586,322,GainesvilleGRT,Plantation_Key,17-Jun,NA,24-Jun,NA,y,7,#VALUE!,K.elegans
587,203,Plantation_Key,Lake_Wales,18-Jun,3-Aug,,M,n,-40711,46,C.corindum
588,203,Plantation_Key,Lake_Wales,18-Jun,25-Jul,,M,n,-40711,37,C.corindum
589,203,Plantation_Key,Leesburg,18-Jun,21-Jul,,M,y,-40711,33,C.corindum
590,203,Plantation_Key,HomesteadBV,18-Jun,NA,22-Jun,NA,n,4,#VALUE!,C.corindum
591,203,Plantation_Key,HomesteadBV,18-Jun,NA,23-Jun,NA,n,5,#VALUE!,C.corindum
592,203,Plantation_Key,Key_Largo,18-Jun,21-Jul,,F,y,-40711,33,C.corindum
593,343,HomesteadBV,Lake_Wales,18-Jun,18-Jul,,M,n,-40711,30,K.elegans
594,343,HomesteadBV,GainesvilleGRT,18-Jun,NA,22-Jun,NA,n,4,#VALUE!,K.elegans
595,343,HomesteadBV,Leesburg,18-Jun,18-Jul,,F,y,-40711,30,K.elegans
596,343,HomesteadBV,Key_Largo,18-Jun,NA,23-Jun,NA,n,5,#VALUE!,K.elegans
597,343,HomesteadBV,Key_Largo,18-Jun,NA,22-Jun,NA,n,4,#VALUE!,K.elegans
598,343,HomesteadBV,HomesteadBV,18-Jun,14-Jul,,M,y,-40711,26,K.elegans
599,473,Ft.Myers,HomesteadGRT,18-Jun,18-Jul,,M,n,-40711,30,K.elegans
600,473,Ft.Myers,Lake_Wales,18-Jun,NA,22-Jun,NA,n,4,#VALUE!,K.elegans
601,473,Ft.Myers,HomesteadGRT,18-Jun,18-Jul,,M,y,-40711,30,K.elegans
602,473,Ft.Myers,Key_Largo,18-Jun,NA,22-Jun,NA,n,4,#VALUE!,K.elegans
603,473,Ft.Myers,HomesteadBV,18-Jun,NA,22-Jun,NA,n,4,#VALUE!,K.elegans
604,473,Ft.Myers,HomesteadBV,18-Jun,2-Aug,,F,y,-40711,45,K.elegans
605,222,GainesvilleGRT,GainesvilleGRT,20-Jun,19-Jul,,M,n,-40713,29,K.elegans
606,222,GainesvilleGRT,Leesburg,20-Jun,18-Jul,,F,n,-40713,28,K.elegans
607,222,GainesvilleGRT,GainesvilleGRT,20-Jun,16-Jul,,M,y,-40713,26,K.elegans
608,222,GainesvilleGRT,HomesteadBV,19-Jun,NA,23-Jun,NA,n,4,#VALUE!,K.elegans
609,222,GainesvilleGRT,Key_Largo,20-Jun,NA,24-Jun,NA,n,4,#VALUE!,K.elegans
610,222,GainesvilleGRT,Key_Largo,21-Jun,20-Jul,,M,y,-40714,29,K.elegans
611,325,GainesvilleGRT,HomesteadGRT,19-Jun,22-Jul,,M,n,-40712,33,K.elegans
612,325,GainesvilleGRT,GainesvilleGRT,19-Jun,18-Jul,,M,n,-40712,29,K.elegans
613,325,GainesvilleGRT,Lake_Wales,19-Jun,21-Jul,,M,y,-40712,32,K.elegans
614,325,GainesvilleGRT,HomesteadBV,19-Jun,NA,24-Jun,NA,n,5,#VALUE!,K.elegans
615,325,GainesvilleGRT,Plantation_Key,19-Jun,NA,23-Jun,NA,n,4,#VALUE!,K.elegans
616,325,GainesvilleGRT,Key_Largo,19-Jun,15-Jul,,M,y,-40712,26,K.elegans
617,336,GainesvilleGRT,Lake_Wales,19-Jun,28-Jul,,F,n,-40712,39,K.elegans
618,336,GainesvilleGRT,Lake_Wales,19-Jun,22-Jul,,F,n,-40712,33,K.elegans
619,336,GainesvilleGRT,HomesteadGRT,19-Jun,20-Jul,,F,y,-40712,31,K.elegans
620,336,GainesvilleGRT,Plantation_Key,19-Jun,17-Jul,,F,n,-40712,28,K.elegans
621,336,GainesvilleGRT,Key_Largo,19-Jun,NA,23-Jun,NA,n,4,#VALUE!,K.elegans
622,336,GainesvilleGRT,Plantation_Key,19-Jun,18-Jul,,M,y,-40712,29,K.elegans
623,337,GainesvilleGRT,Lake_Wales,19-Jun,20-Jul,,M,n,-40712,31,K.elegans
624,337,GainesvilleGRT,Leesburg,19-Jun,16-Jul,,F,n,-40712,27,K.elegans
625,337,GainesvilleGRT,Lake_Wales,19-Jun,16-Jul,,F,y,-40712,27,K.elegans
626,337,GainesvilleGRT,HomesteadBV,19-Jun,NA,24-Jun,NA,n,5,#VALUE!,K.elegans
627,337,GainesvilleGRT,Key_Largo,19-Jun,NA,1-Jul,NA,n,12,#VALUE!,K.elegans
628,337,GainesvilleGRT,Plantation_Key,20-Jun,18-Jul,,M,y,-40713,28,K.elegans
629,212,Ft.Myers,Lake_Wales,19-Jun,22-Jul,,F,n,-40712,33,K.elegans
630,212,Ft.Myers,Leesburg,19-Jun,20-Jul,,M,n,-40712,31,K.elegans
631,212,Ft.Myers,Lake_Wales,19-Jun,21-Jul,,M,y,-40712,32,K.elegans
632,212,Ft.Myers,HomesteadBV,19-Jun,NA,23-Jun,NA,n,4,#VALUE!,K.elegans
633,212,Ft.Myers,Key_Largo,19-Jun,NA,24-Jun,NA,n,5,#VALUE!,K.elegans
634,212,Ft.Myers,Key_Largo,19-Jun,16-Jul,,F,y,-40712,27,K.elegans
635,421,GainesvilleBV,HomesteadGRT,19-Jun,NA,21-Jun,NA,n,2,#VALUE!,K.elegans
636,421,GainesvilleBV,Lake_Wales,19-Jun,22-Jul,,M,n,-40712,33,K.elegans
637,421,GainesvilleBV,Lake_Wales,19-Jun,23-Jul,,F,y,-40712,34,K.elegans
638,421,GainesvilleBV,Key_Largo,19-Jun,NA,23-Jun,NA,n,4,#VALUE!,K.elegans
639,421,GainesvilleBV,HomesteadBV,19-Jun,NA,24-Jun,NA,n,5,#VALUE!,K.elegans
640,421,GainesvilleBV,HomesteadBV,19-Jun,20-Jul,,M,y,-40712,31,K.elegans
641,428,GainesvilleBV,Leesburg,19-Jun,15-Jul,,M,n,-40712,26,K.elegans
642,428,GainesvilleBV,Lake_Wales,19-Jun,16-Jul,,M,n,-40712,27,K.elegans
643,428,GainesvilleBV,HomesteadGRT,19-Jun,16-Jul,,M,y,-40712,27,K.elegans
644,428,GainesvilleBV,HomesteadBV,19-Jun,NA,23-Jun,NA,n,4,#VALUE!,K.elegans
645,428,GainesvilleBV,Key_Largo,19-Jun,NA,21-Jun,NA,n,2,#VALUE!,K.elegans
646,428,GainesvilleBV,Key_Largo,19-Jun,16-Jul,,F,y,-40712,27,K.elegans
647,436,GainesvilleBV,GainesvilleGRT,20-Jun,17-Jul,,F,n,-40713,27,K.elegans
648,436,GainesvilleBV,Lake_Wales,20-Jun,19-Jul,,F,n,-40713,29,K.elegans
649,436,GainesvilleBV,Leesburg,20-Jun,21-Jul,,M,y,-40713,31,K.elegans
650,436,GainesvilleBV,HomesteadBV,20-Jun,NA,23-Jun,NA,n,3,#VALUE!,K.elegans
651,436,GainesvilleBV,Plantation_Key,20-Jun,NA,23-Jun,NA,n,3,#VALUE!,K.elegans
652,436,GainesvilleBV,Key_Largo,19-Jun,14-Jul,,M,y,-40712,25,K.elegans
653,235,GainesvilleGRT,Lake_Wales,20-Jun,NA,25-Jun,NA,n,5,#VALUE!,K.elegans
654,235,GainesvilleGRT,GainesvilleGRT,20-Jun,18-Jul,,F,n,-40713,28,K.elegans
655,235,GainesvilleGRT,GainesvilleGRT,21-Jun,21-Jul,,F,y,-40714,30,K.elegans
656,235,GainesvilleGRT,Key_Largo,21-Jun,NA,25-Jun,NA,n,4,#VALUE!,K.elegans
657,235,GainesvilleGRT,HomesteadBV,21-Jun,NA,26-Jun,NA,n,5,#VALUE!,K.elegans
658,235,GainesvilleGRT,Plantation_Key,21-Jun,17-Jul,,F,y,-40714,26,K.elegans
659,385,Lake_Wales,GainesvilleGRT,20-Jun,23-Jul,,M,n,-40713,33,K.elegans
660,385,Lake_Wales,GainesvilleGRT,20-Jun,NA,25-Jun,NA,n,5,#VALUE!,K.elegans
661,385,Lake_Wales,Lake_Wales,20-Jun,22-Jul,,F,y,-40713,32,K.elegans
662,385,Lake_Wales,Key_Largo,20-Jun,NA,27-Jun,NA,n,7,#VALUE!,K.elegans
663,385,Lake_Wales,HomesteadBV,20-Jun,NA,25-Jun,NA,n,5,#VALUE!,K.elegans
664,385,Lake_Wales,Plantation_Key,20-Jun,NA,6-Sep,NA,y,78,#VALUE!,K.elegans
665,238,HomesteadBV,GainesvilleGRT,20-Jun,26-Jul,,M,n,-40713,36,K.elegans
666,238,HomesteadBV,GainesvilleGRT,21-Jun,24-Jul,,M,n,-40714,33,K.elegans
667,238,HomesteadBV,Leesburg,22-Jun,24-Jul,,F,y,-40715,32,K.elegans
668,238,HomesteadBV,Key_Largo,22-Jun,NA,1-Jul,NA,n,9,#VALUE!,K.elegans
669,238,HomesteadBV,HomesteadBV,23-Jun,NA,27-Jun,NA,n,4,#VALUE!,K.elegans
670,238,HomesteadBV,HomesteadBV,23-Jun,30-Jul,,M,y,-40716,37,K.elegans
671,292,Leesburg,Leesburg,20-Jun,26-Jul,,F,n,-40713,36,K.elegans
672,292,Leesburg,HomesteadGRT,20-Jun,26-Jul,,F,n,-40713,36,K.elegans
673,292,Leesburg,Leesburg,20-Jun,25-Jul,,F,y,-40713,35,K.elegans
674,292,Leesburg,Key_Largo,21-Jun,NA,25-Jun,NA,n,4,#VALUE!,K.elegans
675,292,Leesburg,Key_Largo,21-Jun,24-Jul,,M,n,-40714,33,K.elegans
676,292,Leesburg,Key_Largo,21-Jun,20-Jul,,M,y,-40714,29,K.elegans
677,446,GainesvilleBV,Lake_Wales,21-Jun,23-Jul,,M,n,-40714,32,K.elegans
678,446,GainesvilleBV,GainesvilleGRT,21-Jun,22-Jul,,M,n,-40714,31,K.elegans
679,446,GainesvilleBV,GainesvilleGRT,21-Jun,22-Jul,,F,y,-40714,31,K.elegans
680,446,GainesvilleBV,Plantation_Key,21-Jun,NA,25-Jun,NA,n,4,#VALUE!,K.elegans
681,446,GainesvilleBV,HomesteadBV,21-Jun,NA,26-Jun,NA,n,5,#VALUE!,K.elegans
682,446,GainesvilleBV,Key_Largo,21-Jun,17-Jul,,F,y,-40714,26,K.elegans
683,298,Leesburg,Leesburg,21-Jun,22-Jul,,M,n,-40714,31,K.elegans
684,298,Leesburg,GainesvilleGRT,21-Jun,20-Jul,,M,n,-40714,29,K.elegans
685,298,Leesburg,HomesteadGRT,22-Jun,21-Jul,,M,y,-40715,29,K.elegans
686,298,Leesburg,Plantation_Key,22-Jun,NA,25-Jun,NA,n,3,#VALUE!,K.elegans
687,298,Leesburg,Key_Largo,22-Jun,29-Jul,,F,n,-40715,37,K.elegans
688,298,Leesburg,Key_Largo,22-Jun,19-Jul,,F,y,-40715,27,K.elegans
689,470,Ft.Myers,Lake_Wales,22-Jun,22-Jul,,M,n,-40715,30,K.elegans
690,470,Ft.Myers,Leesburg,22-Jun,18-Jul,,M,n,-40715,26,K.elegans
691,470,Ft.Myers,Leesburg,22-Jun,20-Jul,,F,y,-40715,28,K.elegans
692,470,Ft.Myers,Key_Largo,22-Jun,NA,28-Jun,NA,n,6,#VALUE!,K.elegans
693,470,Ft.Myers,Key_Largo,22-Jun,NA,26-Jun,NA,n,4,#VALUE!,K.elegans
694,470,Ft.Myers,Key_Largo,22-Jun,19-Jul,,F,y,-40715,27,K.elegans
695,10,Ft.Myers,Leesburg,22-Jun,27-Jul,,F,n,-40715,35,C.corindum
696,10,Ft.Myers,HomesteadGRT,22-Jun,25-Jul,,F,n,-40715,33,C.corindum
697,10,Ft.Myers,GainesvilleGRT,22-Jun,27-Jul,,M,y,-40715,35,C.corindum
698,10,Ft.Myers,HomesteadBV,22-Jun,NA,28-Jun,NA,n,6,#VALUE!,C.corindum
699,10,Ft.Myers,HomesteadBV,22-Jun,NA,28-Jun,NA,n,6,#VALUE!,C.corindum
700,10,Ft.Myers,HomesteadBV,23-Jun,10-Aug,,M,y,-40716,48,C.corindum
701,320,Ft.Myers,HomesteadGRT,22-Jun,22-Jul,,M,n,-40715,30,K.elegans
702,320,Ft.Myers,Leesburg,22-Jun,26-Jul,,F,n,-40715,34,K.elegans
703,320,Ft.Myers,Leesburg,22-Jun,23-Jul,,F,y,-40715,31,K.elegans
704,320,Ft.Myers,Key_Largo,22-Jun,NA,25-Jun,NA,n,3,#VALUE!,K.elegans
705,320,Ft.Myers,Key_Largo,23-Jun,NA,26-Jun,NA,n,3,#VALUE!,K.elegans
706,320,Ft.Myers,Key_Largo,23-Jun,19-Jul,,M,y,-40716,26,K.elegans
707,91,Leesburg,GainesvilleGRT,23-Jun,26-Jul,,F,n,-40716,33,C.corindum
708,91,Leesburg,GainesvilleGRT,23-Jun,NA,28-Jun,NA,n,5,#VALUE!,C.corindum
709,91,Leesburg,GainesvilleGRT,23-Jun,21-Jul,,F,y,-40716,28,C.corindum
710,91,Leesburg,Plantation_Key,23-Jun,NA,27-Jun,NA,n,4,#VALUE!,C.corindum
711,91,Leesburg,HomesteadBV,23-Jun,NA,27-Jun,NA,n,4,#VALUE!,C.corindum
712,91,Leesburg,Plantation_Key,23-Jun,3-Sep,,F,y,-40716,72,C.corindum
713,247,HomesteadBV,Leesburg,23-Jun,26-Jul,,F,n,-40716,33,K.elegans
714,247,HomesteadBV,Leesburg,24-Jun,27-Jul,,M,n,-40717,33,K.elegans
715,247,HomesteadBV,HomesteadGRT,24-Jun,30-Jul,,M,y,-40717,36,K.elegans
716,247,HomesteadBV,Key_Largo,24-Jun,NA,29-Jun,NA,n,5,#VALUE!,K.elegans
717,247,HomesteadBV,Key_Largo,14-Jun,NA,30-Jun,NA,n,16,#VALUE!,K.elegans
718,247,HomesteadBV,HomesteadBV,25-Jun,6-Sep,,F,y,-40718,73,K.elegans
719,318,Ft.Myers,Lake_Wales,23-Jun,22-Jul,,F,n,-40716,29,K.elegans
720,318,Ft.Myers,HomesteadGRT,23-Jun,25-Jul,,F,n,-40716,32,K.elegans
721,318,Ft.Myers,Lake_Wales,24-Jun,27-Jul,,F,y,-40717,33,K.elegans
722,318,Ft.Myers,Key_Largo,25-Jun,NA,30-Jun,NA,n,5,#VALUE!,K.elegans
723,318,Ft.Myers,Key_Largo,25-Jun,NA,1-Jul,NA,n,6,#VALUE!,K.elegans
724,318,Ft.Myers,HomesteadBV,25-Jun,30-Jul,,M,y,-40718,35,K.elegans
725,105,Ft.Myers,GainesvilleGRT,24-Jun,28-Jul,,F,n,-40717,34,C.corindum
726,105,Ft.Myers,Lake_Wales,24-Jun,26-Jul,,F,n,-40717,32,C.corindum
727,105,Ft.Myers,HomesteadGRT,25-Jun,25-Jul,,M,y,-40718,30,C.corindum
728,105,Ft.Myers,HomesteadBV,25-Jun,NA,29-Jun,NA,n,4,#VALUE!,C.corindum
729,105,Ft.Myers,HomesteadBV,25-Jun,NA,30-Jun,NA,n,5,#VALUE!,C.corindum
730,105,Ft.Myers,Key_Largo,25-Jun,24-Jul,,F,y,-40718,29,C.corindum
731,456,Ft.Myers,Leesburg,24-Jun,NA,29-Jun,NA,n,5,#VALUE!,K.elegans
732,456,Ft.Myers,Lake_Wales,26-Jun,NA,1-Jul,NA,n,5,#VALUE!,K.elegans
733,456,Ft.Myers,GainesvilleGRT,30-Jun,31-Jul,,F,y,-40723,31,K.elegans
734,456,Ft.Myers,Plantation_Key,29-Jun,NA,1-Jul,NA,n,2,#VALUE!,K.elegans
735,456,Ft.Myers,Key_Largo,30-Jun,NA,2-Jul,NA,n,2,#VALUE!,K.elegans
736,456,Ft.Myers,Plantation_Key,30-Jun,31-Jul,,F,y,-40723,31,K.elegans
737,354,HomesteadBV,GainesvilleGRT,24-Jun,27-Jul,,F,n,-40717,33,K.elegans
738,354,HomesteadBV,Leesburg,25-Jun,NA,17-Jul,NA,n,22,#VALUE!,K.elegans
739,354,HomesteadBV,GainesvilleGRT,25-Jun,28-Jul,,M,y,-40718,33,K.elegans
740,354,HomesteadBV,Key_Largo,25-Jun,NA,2-Jul,NA,n,7,#VALUE!,K.elegans
741,354,HomesteadBV,HomesteadBV,25-Jun,NA,29-Jun,NA,n,4,#VALUE!,K.elegans
742,354,HomesteadBV,HomesteadBV,25-Jun,NA,25-Aug,NA,y,61,#VALUE!,K.elegans
743,480,GainesvilleBV,Leesburg,24-Jun,22-Jul,,M,n,-40717,28,K.elegans
744,480,GainesvilleBV,GainesvilleGRT,24-Jun,23-Jul,,F,n,-40717,29,K.elegans
745,480,GainesvilleBV,Lake_Wales,24-Jun,21-Jul,,M,y,-40717,27,K.elegans
746,480,GainesvilleBV,Plantation_Key,24-Jun,NA,29-Jun,NA,n,5,#VALUE!,K.elegans
747,480,GainesvilleBV,Key_Largo,25-Jun,NA,28-Jun,NA,n,3,#VALUE!,K.elegans
748,480,GainesvilleBV,Plantation_Key,25-Jun,23-Jul,,F,y,-40718,28,K.elegans
749,356,HomesteadGRT,Lake_Wales,24-Jun,27-Jul,,M,n,-40717,33,K.elegans
750,356,HomesteadGRT,Leesburg,24-Jun,23-Jul,,F,n,-40717,29,K.elegans
751,356,HomesteadGRT,HomesteadGRT,24-Jun,27-Jul,,F,y,-40717,33,K.elegans
752,356,HomesteadGRT,Key_Largo,24-Jun,NA,26-Jun,NA,n,2,#VALUE!,K.elegans
753,356,HomesteadGRT,Key_Largo,24-Jun,28-Jul,,F,n,-40717,34,K.elegans
754,356,HomesteadGRT,Key_Largo,24-Jun,30-Jul,,F,y,-40717,36,K.elegans
755,303,Leesburg,Lake_Wales,25-Jun,30-Jul,,F,n,-40718,35,K.elegans
756,303,Leesburg,GainesvilleGRT,25-Jun,27-Jul,,M,n,-40718,32,K.elegans
757,303,Leesburg,Leesburg,25-Jun,22-Jul,,F,y,-40718,27,K.elegans
758,303,Leesburg,HomesteadBV,25-Jun,NA,29-Jun,NA,n,4,#VALUE!,K.elegans
759,303,Leesburg,Key_Largo,25-Jun,23-Jul,,M,n,-40718,28,K.elegans
760,303,Leesburg,HomesteadBV,26-Jun,21-Jul,,M,y,-40719,25,K.elegans
761,477,GainesvilleBV,GainesvilleGRT,25-Jun,31-Jul,,F,n,-40718,36,K.elegans
762,477,GainesvilleBV,GainesvilleGRT,25-Jun,3-Aug,,M,n,-40718,39,K.elegans
763,477,GainesvilleBV,GainesvilleGRT,25-Jun,30-Jul,,M,y,-40718,35,K.elegans
764,477,GainesvilleBV,Key_Largo,25-Jun,NA,29-Jun,NA,n,4,#VALUE!,K.elegans
765,477,GainesvilleBV,Plantation_Key,26-Jun,NA,1-Jul,NA,n,5,#VALUE!,K.elegans
766,477,GainesvilleBV,HomesteadBV,26-Jun,NA,1-Jul,NA,y,5,#VALUE!,K.elegans
767,350,HomesteadBV,Leesburg,26-Jun,28-Jul,,M,n,-40719,32,K.elegans
768,350,HomesteadBV,GainesvilleGRT,26-Jun,31-Jul,,F,n,-40719,35,K.elegans
769,350,HomesteadBV,Lake_Wales,26-Jun,26-Jul,,F,y,-40719,30,K.elegans
770,350,HomesteadBV,HomesteadBV,26-Jun,NA,30-Jun,NA,n,4,#VALUE!,K.elegans
771,350,HomesteadBV,Key_Largo,26-Jun,NA,30-Jun,NA,n,4,#VALUE!,K.elegans
772,350,HomesteadBV,Key_Largo,26-Jun,23-Jul,,M,y,-40719,27,K.elegans
773,310,Ft.Myers,Leesburg,26-Jun,30-Jul,,M,n,-40719,34,K.elegans
774,310,Ft.Myers,GainesvilleGRT,26-Jun,29-Jul,,M,n,-40719,33,K.elegans
775,310,Ft.Myers,GainesvilleGRT,26-Jun,26-Jul,,M,y,-40719,30,K.elegans
776,310,Ft.Myers,HomesteadBV,26-Jun,NA,30-Jun,NA,n,4,#VALUE!,K.elegans
777,310,Ft.Myers,Key_Largo,26-Jun,NA,30-Jun,NA,n,4,#VALUE!,K.elegans
778,310,Ft.Myers,Key_Largo,26-Jun,24-Jul,,M,y,-40719,28,K.elegans
779,299,Leesburg,Leesburg,26-Jun,26-Jul,,F,n,-40719,30,K.elegans
780,299,Leesburg,Leesburg,26-Jun,30-Jul,,F,n,-40719,34,K.elegans
781,299,Leesburg,HomesteadGRT,26-Jun,27-Jul,,F,y,-40719,31,K.elegans
782,299,Leesburg,Key_Largo,26-Jun,NA,1-Jul,NA,n,5,#VALUE!,K.elegans
783,299,Leesburg,Key_Largo,27-Jun,NA,1-Jul,NA,n,4,#VALUE!,K.elegans
784,299,Leesburg,Key_Largo,27-Jun,27-Jul,,F,y,-40720,30,K.elegans
785,241,HomesteadBV,GainesvilleGRT,26-Jun,3-Aug,,F,n,-40719,38,K.elegans
786,241,HomesteadBV,Leesburg,26-Jun,3-Aug,,M,n,-40719,38,K.elegans
787,241,HomesteadBV,GainesvilleGRT,28-Jun,26-Jul,,M,y,-40721,28,K.elegans
788,241,HomesteadBV,HomesteadBV,27-Jun,NA,2-Jul,NA,n,5,#VALUE!,K.elegans
789,241,HomesteadBV,Key_Largo,28-Jun,NA,2-Jul,NA,n,4,#VALUE!,K.elegans
790,241,HomesteadBV,Key_Largo,28-Jun,29-Jul,,F,y,-40721,31,K.elegans
791,357,HomesteadGRT,Leesburg,27-Jun,NA,24-Jul,NA,n,27,#VALUE!,K.elegans
792,357,HomesteadGRT,Leesburg,27-Jun,1-Aug,,F,n,-40720,35,K.elegans
793,357,HomesteadGRT,Lake_Wales,27-Jun,29-Jul,,M,y,-40720,32,K.elegans
794,357,HomesteadGRT,HomesteadBV,27-Jun,NA,1-Jul,NA,n,4,#VALUE!,K.elegans
795,357,HomesteadGRT,Key_Largo,27-Jun,NA,1-Jul,NA,n,4,#VALUE!,K.elegans
796,357,HomesteadGRT,Key_Largo,27-Jun,27-Jul,,F,y,-40720,30,K.elegans
797,501,Leesburg,Leesburg,29-Jun,30-Jul,,M,n,-40722,31,K.elegans
798,501,Leesburg,HomesteadGRT,28-Jun,31-Jul,,F,n,-40721,33,K.elegans
799,501,Leesburg,Lake_Wales,28-Jun,29-Jul,,M,y,-40721,31,K.elegans
800,501,Leesburg,Key_Largo,28-Jun,NA,2-Jul,NA,n,4,#VALUE!,K.elegans
801,501,Leesburg,HomesteadBV,28-Jun,NA,24-Jul,NA,n,26,#VALUE!,K.elegans
802,501,Leesburg,HomesteadBV,28-Jun,25-Jul,,F,y,-40721,27,K.elegans
803,216,Ft.Myers,GainesvilleGRT,28-Jun,4-Aug,,M,n,-40721,37,K.elegans
804,216,Ft.Myers,GainesvilleGRT,1-Jul,NA,5-Jul,NA,n,4,#VALUE!,K.elegans
805,216,Ft.Myers,GainesvilleGRT,1-Jul,3-Aug,,M,y,-40724,33,K.elegans
806,216,Ft.Myers,HomesteadBV,28-Jun,NA,2-Jul,NA,n,4,#VALUE!,K.elegans
807,216,Ft.Myers,Plantation_Key,28-Jun,NA,2-Jul,NA,n,4,#VALUE!,K.elegans
808,216,Ft.Myers,Key_Largo,1-Jul,2-Aug,,M,y,-40724,32,K.elegans
809,315,Ft.Myers,Lake_Wales,30-Jun,31-Jul,,M,n,-40723,31,K.elegans
810,315,Ft.Myers,Lake_Wales,30-Jun,2-Aug,,F,n,-40723,33,K.elegans
811,315,Ft.Myers,GainesvilleGRT,30-Jun,3-Aug,,F,y,-40723,34,K.elegans
812,315,Ft.Myers,Key_Largo,30-Jun,NA,4-Jul,NA,n,4,#VALUE!,K.elegans
813,315,Ft.Myers,HomesteadBV,30-Jun,NA,3-Jul,NA,n,3,#VALUE!,K.elegans
814,315,Ft.Myers,Key_Largo,30-Jun,29-Jul,,M,y,-40723,29,K.elegans
815,284,Lake_Wales,GainesvilleGRT,1-Jul,3-Aug,,M,n,-40724,33,K.elegans
816,284,Lake_Wales,GainesvilleGRT,1-Jul,2-Aug,,M,n,-40724,32,K.elegans
817,284,Lake_Wales,Lake_Wales,1-Jul,31-Jul,,M,y,-40724,30,K.elegans
818,284,Lake_Wales,HomesteadBV,1-Jul,NA,5-Jul,NA,n,4,#VALUE!,K.elegans
819,284,Lake_Wales,HomesteadBV,1-Jul,NA,5-Jul,NA,n,4,#VALUE!,K.elegans
820,284,Lake_Wales,Key_Largo,1-Jul,28-Jul,,M,y,-40724,27,K.elegans
821,443,GainesvilleGRT,Lake_Wales,1-Jul,2-Aug,,M,n,-40724,32,K.elegans
822,443,GainesvilleGRT,HomesteadGRT,10-Jul,NA,14-Jul,NA,n,4,#VALUE!,K.elegans
823,443,GainesvilleGRT,Leesburg,2-Jul,6-Aug,,F,y,-40725,35,K.elegans
824,443,GainesvilleGRT,Key_Largo,2-Jul,NA,6-Jul,NA,n,4,#VALUE!,K.elegans
825,443,GainesvilleGRT,Key_Largo,10-Jul,NA,14-Jul,NA,n,4,#VALUE!,K.elegans
826,443,GainesvilleGRT,HomesteadBV,10-Jul,10-Aug,,M,y,-40733,31,K.elegans
827,221,GainesvilleGRT,Leesburg,2-Jul,2-Aug,,M,n,-40725,31,K.elegans
828,221,GainesvilleGRT,GainesvilleGRT,3-Jul,2-Aug,,F,n,-40726,30,K.elegans
829,221,GainesvilleGRT,Lake_Wales,3-Jul,2-Aug,,M,y,-40726,30,K.elegans
830,221,GainesvilleGRT,HomesteadBV,2-Jul,NA,7-Jul,NA,n,5,#VALUE!,K.elegans
831,221,GainesvilleGRT,Key_Largo,3-Jul,NA,8-Jul,NA,n,5,#VALUE!,K.elegans
832,221,GainesvilleGRT,Key_Largo,3-Jul,28-Jul,,M,y,-40726,25,K.elegans
833,400,Leesburg,HomesteadGRT,4-Jul,NA,9-Jul,NA,n,5,#VALUE!,K.elegans
834,400,Leesburg,Lake_Wales,3-Jul,2-Aug,,M,n,-40726,30,K.elegans
835,400,Leesburg,Leesburg,3-Jul,31-Jul,,F,y,-40726,28,K.elegans
836,400,Leesburg,Key_Largo,4-Jul,8-Aug,,M,n,-40727,35,K.elegans
837,400,Leesburg,Key_Largo,3-Jul,NA,8-Jul,NA,n,5,#VALUE!,K.elegans
838,400,Leesburg,Key_Largo,3-Jul,31-Jul,,F,y,-40726,28,K.elegans
839,366,Key_Largo,Lake_Wales,4-Jul,NA,20-Aug,,n,47,#VALUE!,K.elegans
840,366,Key_Largo,HomesteadGRT,4-Jul,NA,10-Jul,NA,n,6,#VALUE!,K.elegans
841,366,Key_Largo,Leesburg,4-Jul,9-Aug,,M,y,-40727,36,K.elegans
842,366,Key_Largo,Key_Largo,4-Jul,5-Aug,,F,n,-40727,32,K.elegans
843,366,Key_Largo,Key_Largo,4-Jul,NA,11-Jul,NA,n,7,#VALUE!,K.elegans
844,366,Key_Largo,Plantation_Key,4-Jul,4-Aug,,M,y,-40727,31,K.elegans
845,391,Leesburg,Lake_Wales,5-Jul,5-Aug,,M,n,-40728,31,K.elegans
846,391,Leesburg,Leesburg,5-Jul,7-Aug,,F,n,-40728,33,K.elegans
847,391,Leesburg,GainesvilleGRT,5-Jul,4-Aug,,M,y,-40728,30,K.elegans
848,391,Leesburg,Key_Largo,5-Jul,NA,8-Jul,NA,n,3,#VALUE!,K.elegans
849,391,Leesburg,Plantation_Key,5-Jul,NA,9-Jul,NA,n,4,#VALUE!,K.elegans
850,391,Leesburg,Key_Largo,5-Jul,1-Aug,,F,y,-40728,27,K.elegans
851,469,Ft.Myers,Leesburg,6-Jul,11-Aug,,F,n,-40729,36,K.elegans
852,469,Ft.Myers,Lake_Wales,6-Jul,6-Aug,,M,n,-40729,31,K.elegans
853,469,Ft.Myers,Leesburg,6-Jul,11-Aug,,F,y,-40729,36,K.elegans
854,469,Ft.Myers,Key_Largo,6-Jul,NA,12-Jul,NA,n,6,#VALUE!,K.elegans
855,469,Ft.Myers,HomesteadBV,6-Jul,NA,12-Jul,NA,n,6,#VALUE!,K.elegans
856,469,Ft.Myers,HomesteadBV,6-Jul,3-Aug,,M,y,-40729,28,K.elegans
857,307,Plantation_Key,GainesvilleGRT,7-Jul,NA,7-Aug,,n,31,#VALUE!,K.elegans
858,307,Plantation_Key,HomesteadGRT,8-Jul,NA,13-Jul,NA,n,5,#VALUE!,K.elegans
859,307,Plantation_Key,HomesteadGRT,8-Jul,14-Aug,,F,y,-40731,37,K.elegans
860,307,Plantation_Key,HomesteadBV,8-Jul,NA,14-Jul,NA,n,6,#VALUE!,K.elegans
861,307,Plantation_Key,Key_Largo,12-Jul,NA,18-Jul,NA,n,6,#VALUE!,K.elegans
862,307,Plantation_Key,HomesteadBV,10-Jul,13-Aug,,M,y,-40733,34,K.elegans
863,69,Key_Largo,Lake_Wales,10-Jul,NA,15-Jul,NA,n,5,#VALUE!,C.corindum
864,69,Key_Largo,Lake_Wales,11-Jul,19-Aug,,F,n,-40734,39,C.corindum
865,69,Key_Largo,Leesburg,11-Jul,18-Aug,,F,y,-40734,38,C.corindum
866,69,Key_Largo,HomesteadBV,10-Jul,NA,15-Jul,NA,n,5,#VALUE!,C.corindum
867,69,Key_Largo,HomesteadBV,11-Jul,NA,14-Jul,NA,n,3,#VALUE!,C.corindum
868,69,Key_Largo,HomesteadBV,11-Jul,26-Aug,,F,y,-40734,46,C.corindum
869,270,Key_Largo,GainesvilleGRT,10-Jul,18-Aug,,F,n,-40733,39,K.elegans
871,270,Key_Largo,Lake_Wales,12-Jul,18-Aug,,F,y,-40735,37,K.elegans
873,270,Key_Largo,Key_Largo,10-Jul,NA,14-Jul,NA,n,4,#VALUE!,K.elegans
874,270,Key_Largo,Plantation_Key,10-Jul,10-Aug,,M,y,-40733,31,K.elegans
875,365,Key_Largo,GainesvilleGRT,15-Jul,22-Aug,,F,n,-40738,38,K.elegans
876,365,Key_Largo,Leesburg,16-Jul,22-Aug,,F,n,-40739,37,K.elegans
877,365,Key_Largo,GainesvilleGRT,16-Jul,22-Aug,,F,y,-40739,37,K.elegans
878,365,Key_Largo,Key_Largo,16-Jul,NA,21-Jul,NA,n,5,#VALUE!,K.elegans
879,365,Key_Largo,Key_Largo,16-Jul,13-Aug,,M,n,-40739,28,K.elegans
880,365,Key_Largo,Key_Largo,16-Jul,13-Aug,,M,y,-40739,28,K.elegans
881,513,Plantation_Key,Leesburg,17-Jul,1-Sep,,F,n,-40740,46,K.elegans
882,513,Plantation_Key,Lake_Wales,17-Jul,NA,22-Jul,NA,n,5,#VALUE!,K.elegans
883,513,Plantation_Key,Lake_Wales,17-Jul,25-Aug,,F,y,-40740,39,K.elegans
884,513,Plantation_Key,Plantation_Key,17-Jul,NA,22-Jul,NA,n,5,#VALUE!,K.elegans
885,513,Plantation_Key,Key_Largo,17-Jul,NA,22-Jul,NA,n,5,#VALUE!,K.elegans
886,513,Plantation_Key,Key_Largo,17-Jul,18-Aug,,M,y,-40740,32,K.elegans
887,63,Key_Largo,Lake_Wales,17-Jul,26-Aug,,F,n,-40740,40,C.corindum
890,63,Key_Largo,HomesteadBV,22-Jul,NA,26-Jul,,n,4,#VALUE!,C.corindum
893,262,Key_Largo,HomesteadGRT,30-Jul,10-Sep,,F,n,-40753,42,K.elegans
894,262,Key_Largo,GainesvilleGRT,30-Jul,9-Sep,,F,n,-40753,41,K.elegans
895,262,Key_Largo,HomesteadGRT,30-Jul,8-Sep,,M,y,-40753,40,K.elegans
896,262,Key_Largo,Key_Largo,30-Jul,NA,5-Aug,,n,6,#VALUE!,K.elegans
897,262,Key_Largo,Key_Largo,30-Jul,NA,5-Aug,,n,6,#VALUE!,K.elegans
898,262,Key_Largo,HomesteadBV,30-Jul,1-Sep,,F,y,-40753,33,K.elegans